<?xml version="1.0" encoding="UTF-8"?>
<!DOCTYPE suite SYSTEM "https://testng.org/testng-1.0.dtd">
<suite name="Suite">
  <test thread-count="6" name="Test">
  
  
    <classes>
      <class name="com.php.script.PhpTestAdmin">
      <methods>
      
       <include name="validlogin"/>
       <include name="Bookings"/>
       <include name="Delete"/>
      <include name="Pending"/>
      <include name="Website"/>
      <include name="Invalidlogin"/>
      
     
      
      </methods>
      </class>
    </classes>
  </test> <!-- Test -->
</suite> <!-- Suite -->