<?xml version="1.0" encoding="UTF-8"?>
<!DOCTYPE suite SYSTEM "https://testng.org/testng-1.0.dtd">
<suite name="Suite">
  <test thread-count="9" name="Test">
  
  
    <classes>
      <class name="com.php.script.PhpTestCustomer">
      <methods>
      <include name="validlogin"/>
       <include name="Bookings"/>
        <include name="Funds"/>
      <include name="MyProfile"/>
      <include name="Voucher"/>
      <include name="Payment"/>
      <include name="Profileupdate"/>
      <include name="Logout"/>
      <include name="Invalidlogin"/>
      
      </methods>
      </class>
    </classes>
  </test> <!-- Test -->
</suite> <!-- Suite -->