<?xml version="1.0" encoding="UTF-8"?>
<!DOCTYPE suite SYSTEM "https://testng.org/testng-1.0.dtd">
<suite name="Suite">
  <test thread-count="7" name="Test">
  
  
    <classes>
      <class name="com.php.script.PhpTestSupplier">
      <methods>
      
       <include name="validlogin"/>
       <include name="Dashboard"/>
       <include name="Sales"/>
      <include name="Revenue"/>
      <include name="Pending"/>
      <include name="Tours"/>
      <include name="Invalidlogin"/>
      
     
      
      </methods>
      </class>
    </classes>
  </test> <!-- Test -->
</suite> <!-- Suite -->