<?xml version="1.0" encoding="UTF-8"?>
<!DOCTYPE suite SYSTEM "https://testng.org/testng-1.0.dtd">
<suite name="Suite">
  <test thread-count="12" name="Test">
  
  
    <classes>
      <class name="com.php.script.PhpTestAgent">
      <methods>
      
       <include name="validlogin"/>
       <include name="Bookings"/>
        <include name="Funds"/>
      <include name="MyProfile"/>
      <include name="Home"/>
      <include name="Hotel"/>
      <include name="Tours"/>
      <include name="Visa"/>
      <include name="Blog"/>
      <include name="Offers"/>
      <include name="HotelSearch"/>
      <include name="USD"/>
      <include name="Logout"/>
      <include name="Invalidlogin"/>
      
     
      
      </methods>
      </class>
    </classes>
  </test> <!-- Test -->
</suite> <!-- Suite -->